<?xml version="1.0" encoding="UTF-8"?>
<precompilata xsi:noNamespaceSchemaLocation="730_precompilata.xsd" xmlns:xsi="http://www.w3.org/2001/XMLSchema-instance">
	<proprietario>
		<cfProprietario>jh/W2LUu8JEWmILRl4RQaAGKyPVf+DgHGXT/8bUUP3fPm/WLqkxAdHRDllBFteYSAc2gZLOghDbsutye1fheBcg7x3NVePMG1VJxoBpA8ILZWVGIym7eR4vrsxxoM6aB0i3UIhHsi548F/0Ff3LVKfbKUfG070RzdRcFb+8LrmU=</cfProprietario>
	</proprietario>
	<documentoSpesa>
		<idSpesa>
			<pIva>00265910661</pIva>
			<dataEmissione>2020-12-20</dataEmissione>
			<numDocumentoFiscale>
				<dispositivo>1</dispositivo>
				<numDocumento>400</numDocumento>
			</numDocumentoFiscale>
		</idSpesa>
		<dataPagamento>2020-12-20</dataPagamento>
		<flagOperazione>I</flagOperazione>
		<cfCittadino>iKvd9JQntqxPBT2UA/OFfztSNLidocP8Op+NfODzfTdxFWzkcdZrJz5gvCuqv7Dh/r3Cin1ZQMmg/BofIqYCyq2PcC+PJzbvQCocDdl6FrXVXs3W5JhnX7VpWFGCLPYYY2WL+RWKxhfkGqeY8+NCVfQ1lEA15g3W5AabJ15Tthk=</cfCittadino>
		<pagamentoTracciato>NO</pagamentoTracciato>
		<tipoDocumento>F</tipoDocumento>
        <flagOpposizione>0</flagOpposizione>
		<voceSpesa>
			<tipoSpesa>SR</tipoSpesa>
			<importo>52.01</importo>
			<aliquotaIVA>10.00</aliquotaIVA>
		</voceSpesa>
		<voceSpesa>
			<tipoSpesa>SR</tipoSpesa>
			<importo>81.01</importo>
			<aliquotaIVA>10.00</aliquotaIVA>
		</voceSpesa>
	</documentoSpesa>
</precompilata>
