<?xml version="1.0" encoding="UTF-8"?>
<precompilata xsi:noNamespaceSchemaLocation="730_precompilata.xsd" xmlns:xsi="http://www.w3.org/2001/XMLSchema-instance">
	<proprietario>
		<cfProprietario>Ix4OzmfPxB0TTwS6+Hc0enwIhMtunRUkB4CjlDDDns5pCy2iZJ4Qxy+C/X8mMpLRz37tOXnklkkPml5Di32wtQlXpCL2qais/ZjSmwwLldUFvxQPRrwsOSgbH0yK3n+cfgXHbuyTFmjKBAT1dkc5xJ4sTW6qPlaMEIJIevQXvrQ=</cfProprietario>
	</proprietario>
	<documentoSpesa>
		<idSpesa>
			<pIva>00265910661</pIva>
			<dataEmissione>2015-01-01</dataEmissione>
			<numDocumentoFiscale>
				<dispositivo>1</dispositivo>
				<numDocumento>1234567</numDocumento>
			</numDocumentoFiscale>
		</idSpesa>
		<dataPagamento>2015-01-04</dataPagamento>
		<flagOperazione>I</flagOperazione>
		<cfCittadino>iKvd9JQntqxPBT2UA/OFfztSNLidocP8Op+NfODzfTdxFWzkcdZrJz5gvCuqv7Dh/r3Cin1ZQMmg/BofIqYCyq2PcC+PJzbvQCocDdl6FrXVXs3W5JhnX7VpWFGCLPYYY2WL+RWKxhfkGqeY8+NCVfQ1lEA15g3W5AabJ15Tthk=</cfCittadino>
		<pagamentoTracciato>NO</pagamentoTracciato>
		<voceSpesa>
			<tipoSpesa>SR</tipoSpesa>
			<importo>52.01</importo>
		</voceSpesa>
		<voceSpesa>
			<tipoSpesa>SR</tipoSpesa>
			<importo>81.01</importo>
		</voceSpesa>
	</documentoSpesa>
</precompilata>
