<?xml version="1.0" encoding="UTF-8"?>
<precompilata xsi:noNamespaceSchemaLocation="730_precompilata.xsd" xmlns:xsi="http://www.w3.org/2001/XMLSchema-instance">
	<proprietario>
		<codiceRegione>020</codiceRegione>
		<codiceAsl>101</codiceAsl>
		<codiceSSA>888888</codiceSSA>
		<cfProprietario>HKver8cExmJ9akjAPGC49ZvEq+Iglm9M5XmveC1/siETi7t4W+baC53vthafm4G6c5vhnFqkciJJV5GzsfqRuliUVMEKh7bcxvD4AQ6BE/dGz4ry+RprN3iok6HeINM+fipZIJJR9wQxRx784FgCT48nNSPkxrqqNg7rOX5D/8c=</cfProprietario>
	</proprietario>
	<documentoSpesa>
		<idSpesa>
			<pIva>03213213210</pIva>
			<dataEmissione>2015-01-01</dataEmissione>
			<numDocumentoFiscale>
				<dispositivo>1</dispositivo>
				<numDocumento>14</numDocumento>
			</numDocumentoFiscale>
		</idSpesa>
		<dataPagamento>2015-01-01</dataPagamento>
		<flagOperazione>I</flagOperazione>
		<cfCittadino>iKvd9JQntqxPBT2UA/OFfztSNLidocP8Op+NfODzfTdxFWzkcdZrJz5gvCuqv7Dh/r3Cin1ZQMmg/BofIqYCyq2PcC+PJzbvQCocDdl6FrXVXs3W5JhnX7VpWFGCLPYYY2WL+RWKxhfkGqeY8+NCVfQ1lEA15g3W5AabJ15Tthk=</cfCittadino>
		<voceSpesa>
			<tipoSpesa>SR</tipoSpesa>
			<importo>2.56</importo>
		</voceSpesa>
		<voceSpesa>
			<tipoSpesa>SR</tipoSpesa>
			<importo>100.50</importo>
		</voceSpesa>
	</documentoSpesa>
</precompilata>
