<?xml version="1.0" encoding="UTF-8"?>
<precompilata xsi:noNamespaceSchemaLocation="730_precompilata.xsd" xmlns:xsi="http://www.w3.org/2001/XMLSchema-instance">
	<proprietario>
		<cfProprietario>hYbvj0bRDx2wj+nXYuWKYKgzr8LcQU6/lWR1nLrMYDDNyBKoRh0dQm8FyKOsIPT5MYN8zgaVA46yNC7NgCETjqCYFBkvexCR+94/ngLWb8+VuRHBmhZXTQow/KmoFXH5wuf3OuGhe1fvWrL+vYdfJfLj2/wECGOucPlMPi8ELgE=</cfProprietario>
	</proprietario>
	<documentoSpesa>
		<idSpesa>
			<pIva>65432109876</pIva>
			<dataEmissione>2016-01-01</dataEmissione>
			<numDocumentoFiscale>
				<dispositivo>1</dispositivo>
				<numDocumento>R9999A</numDocumento>
			</numDocumentoFiscale>
		</idSpesa>
		<dataPagamento>2016-01-01</dataPagamento>
		<flagOperazione>I</flagOperazione>
		<cfCittadino>iKvd9JQntqxPBT2UA/OFfztSNLidocP8Op+NfODzfTdxFWzkcdZrJz5gvCuqv7Dh/r3Cin1ZQMmg/BofIqYCyq2PcC+PJzbvQCocDdl6FrXVXs3W5JhnX7VpWFGCLPYYY2WL+RWKxhfkGqeY8+NCVfQ1lEA15g3W5AabJ15Tthk=</cfCittadino>
		<voceSpesa>
			<tipoSpesa>SP</tipoSpesa>
			<importo>120.56</importo>
		</voceSpesa>
	</documentoSpesa>
</precompilata>
