<?xml version="1.0" encoding="UTF-8"?>
<precompilata xsi:noNamespaceSchemaLocation="730_precompilata.xsd" xmlns:xsi="http://www.w3.org/2001/XMLSchema-instance">
	<proprietario>
		<cfProprietario>e4XbRBmI7LeqtcT2aH+5lmgvpXCsHkjRTCkSWW0GS4Uhp80R1dtdbVmmu7u9spJeS+HoWqA91ib/cqAke2Pq90yn2/LgNdDTnUzXc25+WERnYcoMnFbO0seQvWYpGxRB4CQyojJOYrul23qQvNyyCB5WlvnoNZqI0FWGYzVRee0=</cfProprietario>
	</proprietario>
	<documentoSpesa>
		<idSpesa>
			<pIva>98765432105</pIva>
			<dataEmissione>2016-01-01</dataEmissione>
			<numDocumentoFiscale>
				<dispositivo>1</dispositivo>
				<numDocumento>A9999</numDocumento>
			</numDocumentoFiscale>
		</idSpesa>
		<dataPagamento>2016-01-01</dataPagamento>
		<flagOperazione>I</flagOperazione>
		<cfCittadino>iKvd9JQntqxPBT2UA/OFfztSNLidocP8Op+NfODzfTdxFWzkcdZrJz5gvCuqv7Dh/r3Cin1ZQMmg/BofIqYCyq2PcC+PJzbvQCocDdl6FrXVXs3W5JhnX7VpWFGCLPYYY2WL+RWKxhfkGqeY8+NCVfQ1lEA15g3W5AabJ15Tthk=</cfCittadino>
		<voceSpesa>
			<tipoSpesa>SV</tipoSpesa>
			<importo>10.56</importo>
		</voceSpesa>
		<voceSpesa>
			<tipoSpesa>FV</tipoSpesa>
			<importo>100.50</importo>
		</voceSpesa>
	</documentoSpesa>
</precompilata>
